Link to Post,Source,Comments,Labels,processed_comments
https://m.facebook.com/groups/RadioPlusMauritiusIleMauriceFanGroupUnofficial000/permalink/1091611841314841/?anchor_composer=false,RadioPlusMauritiusIleMauriceFanGroupUnofficial,Ferme to fesse do,1,ferme to fesse do
https://m.facebook.com/groups/RadioPlusMauritiusIleMauriceFanGroupUnofficial000/permalink/1092061424603216/?anchor_composer=false&refid=18&_ft_=qid.6940953756254385806%3Amf_story_key.1092061424603216%3Atop_level_post_id.1092061424603216%3Atl_objid.1092061424603216%3Acontent_owner_id_new.100042962865803%3Aoriginal_content_id.10164808555715277%3Aoriginal_content_owner_id.722985276%3Apage_id.867119693764058%3Asrc.22%3Astory_location.6%3Afilter.GroupStoriesByActivityEntQuery%3Atds_flgs.3%3Aott.AX_kPOK0uDjqvue9&__tn__=%2AW-R,RadioPlusMauritiusIleMauriceFanGroupUnofficial,Voil√† quand on nage dans le üí©üí© on n'a que de la mati√®re f√©cale qui en sort.,1,voil√† quand on nage on que mati√®re f√©cale ki sort
https://m.facebook.com/story.php?story_fbid=4134319749964350&id=108299339233098&anchor_composer=false&__tn__=%2AW-R,Defimedia,alor 2 semain total lockdwn..dimun ki ramass salter la pa pu travail..la police em p gagne virus ..sa planteur ki ena legum la le ss li fer deficit..c ki ena farm vache less zt mor..c ki travay da pharmacy plito ferm li..1700 dimun da quarantaine pa bizin travailer pu. guet zt ? mo res da londre mon res 1 an da lockdown..dimun ki ena pu travail bizin continuer travail..,0,alor semain total lockdwn dimun ki ramass salter pu travail police em gagne virus planteur ki ena legum ss deficit c ki ena farm vache less zt mor c ki travay da pharmacy plito ferm 1700 dimun da quarantaine bizin travailer pu guet zt res da londre mon res an da lockdown dimun ki ena pu travail bizin continuer travail
https://m.facebook.com/groups/PRENDCOMPTELEPEP/permalink/1062500227589092/?anchor_composer=false&ref=content_filter,PRENDCOMPTELEPEP,"En attendant il y'a l'Inde qui est arriv√© sur l'√Æle sans passer en quarantaine et les jets priv√©s c'est pareil ce variant car il ne peut √™tes que celui l√† est bien arriver par quelqu'un le contact dressing ""c'est comme √ßa que vous le dite "" dois vous apprendre d'o√π c'est arriv√©.",0,attendant il y liki inde ki est arriv√© sur liki √Æle sans passer quarantaine les jets priv√©s c est pareil ce variant car il ne peut √™tes que celui l√† est byin arriver par quelqu contact dressing c est comme √ßa que vous dite dois vous apprendre o√π c est arriv√©
https://m.facebook.com/story.php?story_fbid=4134741799922145&id=108299339233098&anchor_composer=false&__tn__=%2AW-R,Defimedia,Harish Salvarat lol there's a different between complaining and point of view. If you don't like my comment you can scroll.,0,harish salvarat lol there s different between complaining and point of view if you don to like my comment you can scroll
https://m.facebook.com/groups/RadioPlusMauritiusIleMauriceFanGroupUnofficial000/permalink/1095724237570268/?anchor_composer=false&refid=18&_ft_=qid.6941464664189291790%3Amf_story_key.1095724237570268%3Atop_level_post_id.1095724237570268%3Atl_objid.1095724237570268%3Acontent_owner_id_new.100000501597216%3Apage_id.867119693764058%3Asrc.22%3Astory_location.6%3Astory_attachment_style.photo%3Afilter.GroupStoriesByActivityEntQuery%3Atds_flgs.3%3Aott.AX_p6b2T4sX8sQ3e&__tn__=%2AW-R,RadioPlusMauritiusIleMauriceFanGroupUnofficial,Tou sa langage ena la kifer to koz zis kk. Ban chatwi ress cumsa mem non #chatwi,1,tou langage ena kifer to koz zis kaka bann chatwi ress cumsa mem non chatwi
https://m.facebook.com/groups/RadioPlusMauritiusIleMauriceFanGroupUnofficial000/permalink/1096571710818854/?anchor_composer=false&refid=18&ref=content_filter&_ft_=qid.6941463800809400586%3Amf_story_key.1096571710818854%3Atop_level_post_id.1096571710818854%3Atl_objid.1096571710818854%3Acontent_owner_id_new.100042962865803%3Aoriginal_content_id.459439345509674%3Aoriginal_content_owner_id.110852290368383%3Apage_id.110852290368383%3Asrc.22%3Astory_location.6%3Aattached_story_attachment_style.photo%3Afilter.GroupStoriesByActivityEntQuery%3Atds_flgs.3%3Aott.AX_uAnhUp1blwlnx&__tn__=%2AW-R,RadioPlusMauritiusIleMauriceFanGroupUnofficial,Iqbal Iqbal mamou paret ou pas cner ki apel maintenir 1 bon relation r 1 pays... Si soodun pas ti maintenir 1 non relation r larabie pas ti pou Gagne soutien e si pravind pas ti maintenir 1 bon relation r linde pas ti pou Gagne laide em si to ti p contributer par milliard,0,iqbal iqbal mamou paret cner ki apel maintenir bon relation ar pays soodun maintenir non relation ar larabie gagne soutien pravind maintenir bon relation ar linde gagne laide em to contributer par milliard
https://m.facebook.com/groups/RadioPlusMauritiusIleMauriceFanGroupUnofficial000/permalink/1091611841314841/?anchor_composer=false,RadioPlusMauritiusIleMauriceFanGroupUnofficial,Dire li boufon la si perna role souffler souffler,1,dire boufon perna role souffler souffler
https://m.facebook.com/story.php?story_fbid=4134408573288801&id=108299339233098&anchor_composer=false&__tn__=%2AW-R,Defimedia,Sa in mang√© sa comie zor in donne toi,0,finn mang√© comie zor finn donne twa
https://m.facebook.com/groups/PRENDCOMPTELEPEP/permalink/1066958287143286/?anchor_composer=false&refid=18&_ft_=qid.6941503482104563363%3Amf_story_key.1066958287143286%3Atop_level_post_id.1066958287143286%3Atl_objid.1066958287143286%3Acontent_owner_id_new.100027855523395%3Aoriginal_content_id.2714149318805797%3Aoriginal_content_owner_id.100010765571066%3Apage_id.850723902100060%3Asrc.22%3Astory_location.6%3Aattached_story_attachment_style.photo%3Afilter.GroupStoriesByActivityEntQuery%3Atds_flgs.3%3Aott.AX86-5KAiQkhH5MX&__tn__=%2AW-R,PRENDCOMPTELEPEP,Fairytailsjonath Fairytails Sa dinasty sa ve dire pa pou capave bouger de pi la dapres ou lopiyon,0,fairytailsjonath fairytails dinasty ve dire capave bouger pi dapres lopiyon
https://m.facebook.com/groups/RadioPlusMauritiusIleMauriceFanGroupUnofficial000/permalink/1090309724778386/?anchor_composer=false&refid=18&_ft_=qid.6941467511697455894%3Amf_story_key.1090309724778386%3Atop_level_post_id.1090309724778386%3Atl_objid.1090309724778386%3Acontent_owner_id_new.100053352694039%3Apage_id.867119693764058%3Atext_formatting.1271157196337260%3Asrc.22%3Astory_location.6%3Afilter.GroupStoriesByActivityEntQuery%3Atds_flgs.3%3Aott.AX9DH_pC5x6BzxiU&__tn__=%2AW-R,RadioPlusMauritiusIleMauriceFanGroupUnofficial,Judex Sutrooghen dapres lordre to em en charge loka Roche noir,1,judex sutrooghen dapres lordre to em charge loka roche noir
https://m.facebook.com/groups/RadioPlusMauritiusIleMauriceFanGroupUnofficial000/permalink/1091978571278168/?anchor_composer=false&refid=18&_ft_=qid.6941468065731622330%3Amf_story_key.1091978571278168%3Atop_level_post_id.1091978571278168%3Atl_objid.1091978571278168%3Acontent_owner_id_new.100060360696812%3Apage_id.867119693764058%3Atext_formatting.146487026137131%3Asrc.22%3Astory_location.6%3Afilter.GroupStoriesByActivityEntQuery%3Atds_flgs.3%3Aott.AX_m_xffl5PgHlBr&__tn__=%2AW-R,RadioPlusMauritiusIleMauriceFanGroupUnofficial,souce la grain la.,1,souce graine
https://m.facebook.com/story.php?story_fbid=10159335762834540&id=100761789539&anchor_composer=false&__tn__=%2AW-R,Lexpress,Camion la pa souvent sa kit foi en 1 mois n foi humain mem sa non mo pa compren ene peuple adorable coumsa p pass miser eh zot dominer apel sa oubien si ou le apel sa get 2 lizie parski pa tou rodriguais ki pena dilo aret fer dominer ar ti dimun la vie n karma sa,0,camion souvent kit foi mois foi humain mem non compren peuple adorable coumsa pass miser eh dominer apel oubien apel get lizie parski tou rodriguais ki pena dilo aret dominer ar dimun vie karma
https://m.facebook.com/groups/PRENDCOMPTELEPEP/permalink/1042890612883387/?anchor_composer=false&ref=content_filter&__xts__%5B0%5D=12.AbpK7uDBDXHYXGk8gHVj2F-j4sSza7WPibGCiOR6kmKtt_ul3GAI42gr_OENXZiwzfotaNiZ8gb9OVPFI5fAZXNhrlraRW750-Ql7BVtSkmsfR8rX3wpRV9VB1bnnq01iJN2djvckC3uMQ74t510C_9G9WiTZx0h6jHCIf3q6zfVmBIxd20eoFpkaT2vjyMhS7uTo3wZyVlhFc8z-kZvgOS9iA8DqanUFcaOE1Hn6DVK9iH0qk_gsIYiR85X9W6Bl_cSept-1QPM1zLJAcRNOLN8HBp2JshNn-QrVF7l1Da9LQZb5UVFHdf65bFc9c5f1hEvjkjp421KNcQaHI4p4dCGKPm-Ju2Z3gMWg_oC7vXJQZguPpudxPbHi-aCsLrvtQg,PRENDCOMPTELEPEP,Ab√© zot manz dan mem lassiette,0,ab√© manz mem lassiette
https://m.facebook.com/story.php?story_fbid=10159335762834540&id=100761789539&anchor_composer=false&__tn__=%2AW-R,Lexpress,Plan de dessalement.. C ouuu???? ü§î ü§î ü§î ü§î,0,plan dessalement c ouuu
https://m.facebook.com/story.php?story_fbid=4134741799922145&id=108299339233098&anchor_composer=false&__tn__=%2AW-R,Defimedia,"Padiachy Navin ast√®re zotte souffert kan tou ti korect zotte ti p faire domin√®re avec consomateur vanne zotte fruit pli cher e zotte plaign√©. Si zordi nou p arriv√© ene situation pareille tou sa la a cause banne dimoune coumsa m√™me toujour rode faire Di tort zotte prochain. Tou commerce koumsa m√™me, prix monter kan demande zotte zotte dire √† koze kovid e avan zotte dire euro ou livre sterlin inn monter. Dire MRA all√© faire ene lenkett lor zotte revenu. Zordi marsan dholl puri /farata/pomme de terre/oignon millionaire e zotte gagne toupet vinne dire situation dan baize.",0,padiachy navin ast√®re souffert kan tou korect domin√®re avek consomateur vanne fruit pli cher plaign√© zordi nous arriv√© situation pareille tou cause bann dimoune coumsa m√™me toujour rode di tort prochain tou commerce koumsa m√™me pri monter kan demande dire √† koze kovid avan dire euro livre sterlin inn monter dire mra all√© lenkett lor revenu zordi marsan dholl puri farata pomme terre oignon millionaire gagne toupet vinne dire situation baize
https://m.facebook.com/story.php?story_fbid=4134741799922145&id=108299339233098&anchor_composer=false&__tn__=%2AW-R,Defimedia,Ya Aaz non li deja wadir fruit sec kt aziim bhai la ü§£,0,ya aaz non deja wadir fruit sec kt aziim bhai
https://m.facebook.com/groups/PRENDCOMPTELEPEP/permalink/1056866194819162/?anchor_composer=false&ref=content_filter&__xts__%5B0%5D=12.Abr03eSsJIuhOBxgSwlNTYnR6_vZKO2QT9k2K09XoTZkplk0w4n0YY2NyNTeG-bVpoQR34u9Cuz2IzwmfWAvpPsSwUTr3NrBfbwPwL3-aojFT3JtChDjqWwYHB31Z1YINTaNPelrpR_fT9HdSALqHRcusCmWatLLZzPnic2EqwH8K1GMHO4L9EjSnBVqXn3hmkXkf_ItFaHqQm7RASEhY7l6xwmafq1SG05gDmNYficgin0qCeMHS-mZLtSPolkoJeeYVSXBrR0Rq6Mq9Mwcu8xbcdGl-0uwHuAR1S7RM7z6VWixFBqg_sPeYWizslZ8KYraujuYXfBB6JzWD2yLemKBWRHAoAS3gDQ0AAgbftuRNJN_f5EH7ipE71Ps20RknWo,PRENDCOMPTELEPEP,Bien dir sa zom li pou la grand fami üë™ MAURICIEN üá≤üá∫ pa pou kit plock so mama ou mari so mama,1,byin dir zom gran fami mauricien kit plock mama mari mama
https://m.facebook.com/story.php?story_fbid=4134741799922145&id=108299339233098&anchor_composer=false&__tn__=%2AW-R,Defimedia,Heeyyy mone fek aste demie liv lalo 35 rs.......la.....ki to p rode....,0,heeyyy mone fek aste demie liv lalo 35 rs ki to rode
https://m.facebook.com/groups/RadioPlusMauritiusIleMauriceFanGroupUnofficial000/permalink/1090628274746531/?anchor_composer=false&refid=18&_ft_=qid.6941468383557116233%3Amf_story_key.1090628274746531%3Atop_level_post_id.1090628274746531%3Atl_objid.1090628274746531%3Acontent_owner_id_new.100053352694039%3Apage_id.867119693764058%3Atext_formatting.518596398537417%3Asrc.22%3Astory_location.6%3Afilter.GroupStoriesByActivityEntQuery%3Atds_flgs.3%3Aott.AX_18I7ojUY3uWcc&__tn__=%2AW-R,RadioPlusMauritiusIleMauriceFanGroupUnofficial,T pay√© combien pour dire √ßa???,0,to pay√© combien dire √ßa
https://m.facebook.com/story.php?story_fbid=10159327255709540&id=100761789539&anchor_composer=false&__tn__=%2AW-R,Lexpress,Jaime tous se ceke vous ve pour nou arsam nou pou bat coranavuris et covid 19. ok singe ciara mascarine.,1,jaime tous se ceke vous ve nous arsam nous bat coranavuris covid-19 19 ok singe ciara mascarine
https://m.facebook.com/groups/RadioPlusMauritiusIleMauriceFanGroupUnofficial000/permalink/1091611841314841/?anchor_composer=false,RadioPlusMauritiusIleMauriceFanGroupUnofficial,"Hell Heaven ayo ala ene couyon ki content declare malin. Sa mo bizin explik ou mem sa pou ki ou capave compran. Mone dire nu pas content nek cozer, nou bannes dimounes d'actions, a aucun moment mo bannes dire ki mo muet. Apre pou ou 'general information' bannes personnes ki pa conne cozer, zot capave lire ecrire sa dow... Croire moi mo p dire ou. Alle verifier dans bannes ecoles sourdes e muets montrer lire e ecrire tou. Mo sure si ou pou alle verifier ou pou vine remercier moi parski oune resi apran ene nouvo zafer grace a moi.",1,hell heaven ayo ala couyon ki content declare malin bizin explik mem ki capave compran mone dire nou content nek cozer nous bannes dimounes actions aucun moment bannes dire ki muet apre general information bannes personnes ki conne cozer capave lire ecrire dow croire mwa dire alle verifier bannes ecoles sourdes muets montrer lire ecrire tou sure alle verifier vinn remercier mwa parski oune resi apran nouvo zafer grace mwa
https://m.facebook.com/groups/RadioPlusMauritiusIleMauriceFanGroupUnofficial000/permalink/1090309724778386/?anchor_composer=false&refid=18&_ft_=qid.6941467511697455894%3Amf_story_key.1090309724778386%3Atop_level_post_id.1090309724778386%3Atl_objid.1090309724778386%3Acontent_owner_id_new.100053352694039%3Apage_id.867119693764058%3Atext_formatting.1271157196337260%3Asrc.22%3Astory_location.6%3Afilter.GroupStoriesByActivityEntQuery%3Atds_flgs.3%3Aott.AX9DH_pC5x6BzxiU&__tn__=%2AW-R,RadioPlusMauritiusIleMauriceFanGroupUnofficial,Ou ena grand courage pou met n poste aussi stupide... A cause zot negligence c le PEP ki p besoin paye consequence. My foot Pinok.,0,ena gran courage met poste aussi stupide cause negligence c pep ki besoin paye consequence my foot pinok
https://m.facebook.com/story.php?story_fbid=10159336076559540&id=100761789539&anchor_composer=false&__tn__=%2AW-R,Lexpress,Moi mo dir beaucoup signe bondi√© p envoyer pa preser pou ena la lumi√®re ki pou fer la justice triomph√© üôè,0,mwa dir beaucoup signe bondi√© envoyer preser ena lumi√®re ki justice triomph√©
https://m.facebook.com/story.php?story_fbid=4134408573288801&id=108299339233098&anchor_composer=false&__tn__=%2AW-R,Defimedia,Really? Good then!,0,really good then
https://m.facebook.com/groups/RadioPlusMauritiusIleMauriceFanGroupUnofficial000/permalink/1090309724778386/?anchor_composer=false&refid=18&_ft_=qid.6941467511697455894%3Amf_story_key.1090309724778386%3Atop_level_post_id.1090309724778386%3Atl_objid.1090309724778386%3Acontent_owner_id_new.100053352694039%3Apage_id.867119693764058%3Atext_formatting.1271157196337260%3Asrc.22%3Astory_location.6%3Afilter.GroupStoriesByActivityEntQuery%3Atds_flgs.3%3Aott.AX9DH_pC5x6BzxiU&__tn__=%2AW-R,RadioPlusMauritiusIleMauriceFanGroupUnofficial,Pran to pravind met dan to f... Hehehe,1,pran to pravind met to fesse hehehe
https://m.facebook.com/story.php?story_fbid=4134319749964350&id=108299339233098&anchor_composer=false&__tn__=%2AW-R,Defimedia,Ange Lie oui p vine dir confinement pna sa arete emb√™te dimoune,0,ange lie oui vinn dir confinement pna arete emb√™te dimoune
https://m.facebook.com/groups/PRENDCOMPTELEPEP/permalink/1062500227589092/?anchor_composer=false&ref=content_filter,PRENDCOMPTELEPEP,"Zotte la pour fer palab zis comand famme palabez.PM pe fer so travail ,si to capave ale remplace li mo Frere.",0,palab zis comand famme palabez premier ministre travail to capave ale remplace frere
https://m.facebook.com/story.php?story_fbid=10159335762834540&id=100761789539&anchor_composer=false&__tn__=%2AW-R,Lexpress,Rebecca Larose zot vol tout.,0,rebecca larose vol tou
https://m.facebook.com/groups/RadioPlusMauritiusIleMauriceFanGroupUnofficial000/permalink/1092807001195325/?anchor_composer=false&refid=18&_ft_=qid.6940953970983958712%3Amf_story_key.1092807001195325%3Atop_level_post_id.1092807001195325%3Atl_objid.1092807001195325%3Acontent_owner_id_new.100053352694039%3Apage_id.867119693764058%3Atext_formatting.1271157196337260%3Asrc.22%3Astory_location.6%3Afilter.GroupStoriesByActivityEntQuery%3Atds_flgs.3%3Aott.AX8L9cfkmWd6ejcj&__tn__=*W-R,RadioPlusMauritiusIleMauriceFanGroupUnofficial,Chatwa roder boute,0,chatwa roder boute
https://m.facebook.com/story.php?story_fbid=4134741799922145&id=108299339233098&anchor_composer=false&__tn__=%2AW-R,Defimedia,"L'ann√©e derni√®re bien monte tou prix, sa l'ann√©e p plaigner.. KARMA! Sorry..",0,liki ann√©e derni√®re byin monte tou pri liki ann√©e plaigner karma sorry
https://m.facebook.com/story.php?story_fbid=10159335762834540&id=100761789539&anchor_composer=false&__tn__=%2AW-R,Lexpress,Sa problm delo la encor miser zot pu passer . Rodrig sorry kumarsh fer bassin ramas delo garde... moris dan dife kote delo parski moricien kanton ranze bel bel batiment ek bouss passage delo.,0,problm delo encor miser pu passer rodrig sorry kumarsh bassin ramas delo garde moris dife kote delo parski moricien kanton ranze bel bel batiment bouss passage delo
https://m.facebook.com/story.php?story_fbid=4134319749964350&id=108299339233098&anchor_composer=false&__tn__=%2AW-R,Defimedia,Diana Prosper penan confinement a maurice dutout .,0,diana prosper penan confinement moris dutout
https://m.facebook.com/story.php?story_fbid=4134741799922145&id=108299339233098&anchor_composer=false&__tn__=%2AW-R,Defimedia,Nigel Quirin paconai ena p tire lavie lor prix legume,0,nigel quirin paconai ena tire lavie lor pri legime
https://m.facebook.com/groups/PRENDCOMPTELEPEP/permalink/1066958287143286/?anchor_composer=false&refid=18&_ft_=qid.6941503482104563363%3Amf_story_key.1066958287143286%3Atop_level_post_id.1066958287143286%3Atl_objid.1066958287143286%3Acontent_owner_id_new.100027855523395%3Aoriginal_content_id.2714149318805797%3Aoriginal_content_owner_id.100010765571066%3Apage_id.850723902100060%3Asrc.22%3Astory_location.6%3Aattached_story_attachment_style.photo%3Afilter.GroupStoriesByActivityEntQuery%3Atds_flgs.3%3Aott.AX86-5KAiQkhH5MX&__tn__=%2AW-R,PRENDCOMPTELEPEP,"Berenger pou fer li rever....couma prem Nababsingh, Madan Dulloo, Ashok Jugnauth, ....aster attann nando...lerla so tour....lol...! Mais si likit sa la main propre ki appel Berenger ek xaxa..lerla kapav pense lor la..! Afin....tous kapav aspire vinn PM...kifer non...! Meme Mr Malin kapav vinn PM...bizin ki Paul pense lors la..car li pe amenn role la bien..! En tous cas...seki pou marse ek sa boug la ..pou reste tous les temps rever meme...Car la majoriter finn comprend so vrai role....( Fais ce que je dis ....ne fais pas ce que je fais) ...",0,berenger rever kuma prem nababsingh madan dulloo ashok jugnauth aster attann nando lerla tour lol mai likit main propre ki appel berenger xaxa lerla kapav pense lor afin tous kapav aspire vinn premier ministre kifer non mem mr malin kapav vinn premier ministre bizin ki paul pense lors car amenn role byin tous cas seki marse boug reste tous les temps rever mem car majoriter finn comprend vrai role fais ce que je dis ne fais ce que je fais
https://m.facebook.com/groups/PRENDCOMPTELEPEP/permalink/1062402077598907/?anchor_composer=false&ref=content_filter&__xts__%5B0%5D=12.AbpdZiXmPEW2QYO7qZxPT2hN65nAvm2m-KZSDSbJt0V2uwd5hetXR4IUx83RRSdKDwxNoujqknsGAiwzndzgthJKh8FKL6vbtPNqGK8Nu9x6wiGnXtNfXq_VLaW6kSxAyo8edGyHwC1IMoh8XzmdmZy6MamxwtYq3Vs3soAoxIw2_4OArFPG3YDtbJdklH56GCCICrFfX9Cxq1pwPAAeSOY7IkaaZTEnaTAG_QxvJOv-vD3s3XB_o6xT7fumvnAI8goCNoFmpjrmqgrJD3CMn74nQ0QIvci0tWlXpCMMay0GdCVu6wteFeYO5jDSVZkFtYUIgZyMG2BxO2FWA_q3Barvj4vWAxE2UIla2kUnzTPdOMWavopE0zAUIdFaZRjOdhY,PRENDCOMPTELEPEP,Jean Alex Agathe oui MO p trv. Lol,0,jean alex agathe oui trv lol
https://m.facebook.com/story.php?story_fbid=10159335762834540&id=100761789539&anchor_composer=false&__tn__=%2AW-R,Lexpress,"Boolaky Akilesh loool. La pluie pas tomber rodrigues? Manque reservoir et dam dans rodrigues, c pas la pluie ki pose probleme.",0,boolaky akilesh loool pluie tomber rodrigues manque reservoir dam rodrigues c pluie ki pose probleme
https://m.facebook.com/groups/RadioPlusMauritiusIleMauriceFanGroupUnofficial000/permalink/1090628274746531/?anchor_composer=false&refid=18&_ft_=qid.6941468383557116233%3Amf_story_key.1090628274746531%3Atop_level_post_id.1090628274746531%3Atl_objid.1090628274746531%3Acontent_owner_id_new.100053352694039%3Apage_id.867119693764058%3Atext_formatting.518596398537417%3Asrc.22%3Astory_location.6%3Afilter.GroupStoriesByActivityEntQuery%3Atds_flgs.3%3Aott.AX_18I7ojUY3uWcc&__tn__=%2AW-R,RadioPlusMauritiusIleMauriceFanGroupUnofficial,"AH BON KUMSA LI MARI FORT KI LI FER SO BANN KAMARADE RENTE DAN MORIS PAS PASS 40ENN ?
ESKI SUDAN TI PASS 40ENN ?
KOMIE GRAN BUSINESSMAN KI PAS FER 40ENN....MARI FORT SA.....",0,ah bon kumsa mari fort ki bann kamarade rente moris pass 40enn eski sudan pass 40enn komie gran businessman ki 40enn mari fort
https://m.facebook.com/groups/PRENDCOMPTELEPEP/permalink/1056866194819162/?anchor_composer=false&ref=content_filter&__xts__%5B0%5D=12.Abr03eSsJIuhOBxgSwlNTYnR6_vZKO2QT9k2K09XoTZkplk0w4n0YY2NyNTeG-bVpoQR34u9Cuz2IzwmfWAvpPsSwUTr3NrBfbwPwL3-aojFT3JtChDjqWwYHB31Z1YINTaNPelrpR_fT9HdSALqHRcusCmWatLLZzPnic2EqwH8K1GMHO4L9EjSnBVqXn3hmkXkf_ItFaHqQm7RASEhY7l6xwmafq1SG05gDmNYficgin0qCeMHS-mZLtSPolkoJeeYVSXBrR0Rq6Mq9Mwcu8xbcdGl-0uwHuAR1S7RM7z6VWixFBqg_sPeYWizslZ8KYraujuYXfBB6JzWD2yLemKBWRHAoAS3gDQ0AAgbftuRNJN_f5EH7ipE71Ps20RknWo,PRENDCOMPTELEPEP,Comment Grand Bassin ine vinne lieu sacr√©? C'est un volcan qui pena narien √† faire avec Hindouisme.,1,comment gran bassin ine vinne lieu sacr√© c est volcan ki pena narien √† avek hindouisme
https://m.facebook.com/groups/RadioPlusMauritiusIleMauriceFanGroupUnofficial000/permalink/1091978571278168/?anchor_composer=false&refid=18&_ft_=qid.6941468065731622330%3Amf_story_key.1091978571278168%3Atop_level_post_id.1091978571278168%3Atl_objid.1091978571278168%3Acontent_owner_id_new.100060360696812%3Apage_id.867119693764058%3Atext_formatting.146487026137131%3Asrc.22%3Astory_location.6%3Afilter.GroupStoriesByActivityEntQuery%3Atds_flgs.3%3Aott.AX_m_xffl5PgHlBr&__tn__=%2AW-R,RadioPlusMauritiusIleMauriceFanGroupUnofficial,Angie Romina damm why ahahaha,0,angie romina damm why ahahaha
https://m.facebook.com/story.php?story_fbid=10159336076559540&id=100761789539&anchor_composer=false&__tn__=%2AW-R,Lexpress,Zot croire pou narien le 12 mars ti decor sa gros badia la,1,croire narien 12 mars decor gros badia
https://m.facebook.com/groups/RadioPlusMauritiusIleMauriceFanGroupUnofficial000/permalink/1091978571278168/?anchor_composer=false&refid=18&_ft_=qid.6941468065731622330%3Amf_story_key.1091978571278168%3Atop_level_post_id.1091978571278168%3Atl_objid.1091978571278168%3Acontent_owner_id_new.100060360696812%3Apage_id.867119693764058%3Atext_formatting.146487026137131%3Asrc.22%3Astory_location.6%3Afilter.GroupStoriesByActivityEntQuery%3Atds_flgs.3%3Aott.AX_m_xffl5PgHlBr&__tn__=%2AW-R,RadioPlusMauritiusIleMauriceFanGroupUnofficial,"Rode kikene dan la cuisine. Ene parmi sa banla... Pravind, Bobby, Jagatpal, Sawmynaden..",0,rode kikene cuisine parmi banla pravind bobby jagatpal sawmynaden
https://m.facebook.com/story.php?story_fbid=10159335762834540&id=100761789539&anchor_composer=false&__tn__=%2AW-R,Lexpress,gouvernema p fat yen tram MEM RODRIGUES PENA DELO KOREK CA POUVI P ARANZE LA PISTE AVION DAN AGALEGA APRES ZOT DIR OU DEVLOPMA TON,1,gouvernema fat yen tram mem rodrigues pena delo korek ca pouvi aranze piste avion agalega apres dir devlopma ton
https://m.facebook.com/story.php?story_fbid=4134741799922145&id=108299339233098&anchor_composer=false&__tn__=%2AW-R,Defimedia,Ou cone Bousou ??,1,cone liki
https://m.facebook.com/groups/RadioPlusMauritiusIleMauriceFanGroupUnofficial000/permalink/1090628274746531/?anchor_composer=false&refid=18&_ft_=qid.6941468383557116233%3Amf_story_key.1090628274746531%3Atop_level_post_id.1090628274746531%3Atl_objid.1090628274746531%3Acontent_owner_id_new.100053352694039%3Apage_id.867119693764058%3Atext_formatting.518596398537417%3Asrc.22%3Astory_location.6%3Afilter.GroupStoriesByActivityEntQuery%3Atds_flgs.3%3Aott.AX_18I7ojUY3uWcc&__tn__=%2AW-R,RadioPlusMauritiusIleMauriceFanGroupUnofficial,Nels Modliar,0,nels modliar
https://m.facebook.com/story.php?story_fbid=10159327255709540&id=100761789539&anchor_composer=false&__tn__=%2AW-R,Lexpress,"Si dimoune ti malade so parent pas ti pou recalcitrant, bane bajas !!!!",1,dimoune malade parent recalcitrant bane bajas
https://m.facebook.com/story.php?story_fbid=10159327255709540&id=100761789539&anchor_composer=false&__tn__=%2AW-R,Lexpress,Davina Bansropun,0,davina bansropun
https://m.facebook.com/story.php?story_fbid=4134408573288801&id=108299339233098&anchor_composer=false&__tn__=%2AW-R,Defimedia,Moi pa p faire confiance vaccin la ditou. Ler moi p get sa bne CLOSE ki ena encore lor la la.. Moi pli pa envi ale faire vaccin. Moi prefere die avec covid ki enleve moi mo bne droit. Deza moi pa faire politicien confiance la mo penC mo ena droit pa envi ale faire,0,mwa confiance vasin ditou ler mwa get bne close ki ena encore lor mwa pli envi ale vasin mwa prefere die avek covid-19 ki enleve mwa bne droit deza mwa politicien confiance penc ena droit envi ale
https://m.facebook.com/groups/PRENDCOMPTELEPEP/permalink/1062500227589092/?anchor_composer=false&ref=content_filter,PRENDCOMPTELEPEP,mamou ou ti p dire ki la gazette p cr√©e chikose dans morice et zot p faire marketing pou banne capitaliste concert lockdown mais aster ena lockdown ou pou dire ki pravind oussi complice.Mo respect ou et mo suive ou mais parfois ou trop presser pou faire conclusion ou analyse.,0,mamou dire ki gazette cr√©e chikose morice marketing bann capitaliste concert lockdown mai aster ena lockdown dire ki pravind oussi complice respect suive mai parfois trop presser conclusion analyse
https://m.facebook.com/groups/PRENDCOMPTELEPEP/permalink/1042890612883387/?anchor_composer=false&ref=content_filter&__xts__%5B0%5D=12.AbpK7uDBDXHYXGk8gHVj2F-j4sSza7WPibGCiOR6kmKtt_ul3GAI42gr_OENXZiwzfotaNiZ8gb9OVPFI5fAZXNhrlraRW750-Ql7BVtSkmsfR8rX3wpRV9VB1bnnq01iJN2djvckC3uMQ74t510C_9G9WiTZx0h6jHCIf3q6zfVmBIxd20eoFpkaT2vjyMhS7uTo3wZyVlhFc8z-kZvgOS9iA8DqanUFcaOE1Hn6DVK9iH0qk_gsIYiR85X9W6Bl_cSept-1QPM1zLJAcRNOLN8HBp2JshNn-QrVF7l1Da9LQZb5UVFHdf65bFc9c5f1hEvjkjp421KNcQaHI4p4dCGKPm-Ju2Z3gMWg_oC7vXJQZguPpudxPbHi-aCsLrvtQg,PRENDCOMPTELEPEP,Pour moi personnellement nous bzn ar√™te penC ki ena zis pravin navin paul ki kav diriz sa pays la..,0,mwa personnellement nous bzn ar√™te penc ki ena zis pravin navin paul ki kav diriz pays
https://m.facebook.com/groups/RadioPlusMauritiusIleMauriceFanGroupUnofficial000/permalink/1091611841314841/?anchor_composer=false,RadioPlusMauritiusIleMauriceFanGroupUnofficial,Mo ggt,1,gogot
https://m.facebook.com/story.php?story_fbid=4134319749964350&id=108299339233098&anchor_composer=false&__tn__=%2AW-R,Defimedia,"Vero LA Chiante Le Ministre avait dit que les resultats des tests tombent √† douze heures, √† 16 heures et pendant la soir√©e.",0,vero chiante ministre avait dit que les resultats des tests tombent √† douze heures √† 16 heures pendant soir√©e
https://m.facebook.com/story.php?story_fbid=10159336076559540&id=100761789539&anchor_composer=false&__tn__=%2AW-R,Lexpress,Zt ti cone nat dans coute vent acause sa amene ban l'inde pour kit corona r nous et zafaire teigne nous morisien nous pas l'inde ale comprend,0,zt cone nat coute vent acause amene bann liki inde kit covid-19 ar nous zafaire teigne nous morisien nous liki inde ale comprend
https://m.facebook.com/story.php?story_fbid=4134319749964350&id=108299339233098&anchor_composer=false&__tn__=%2AW-R,Defimedia,Shammir Peerbocus ouai vraie.,0,shammir peerbocus ouai vraie
https://m.facebook.com/story.php?story_fbid=4134741799922145&id=108299339233098&anchor_composer=false&__tn__=%2AW-R,Defimedia,Ministre gobin bizin dier population lanne dernier apre lodck donw ti don largent cashban plateur coument zodier dimoun pomme damoun 8o rupee tou legume laote 25 rupee faire lenket cone kote sa ban cash in alle 2 zafer pe vendre pomme deteur pe pouce zotte achete 2o tonne pou fer cash obliger fer leket,0,ministre gobin bizin dier population lanne dernier apre lodck donw don largent cashban plateur coument zodier dimoun pomme damoun 8o rupee tou legime laote 25 rupee lenket cone kote bann cash finn alle zafer vendre pomme deteur pouce achete 2o tonne cash obliger leket
https://m.facebook.com/story.php?story_fbid=4134408573288801&id=108299339233098&anchor_composer=false&__tn__=%2AW-R,Defimedia,B kifr tne dir sa..... kifr tne dir sa bondier toi???üòÇüòÇüòÇüòÇüòÇüòÇ,0,kifr tne dir kifr tne dir bondier twa
https://m.facebook.com/story.php?story_fbid=4134408573288801&id=108299339233098&anchor_composer=false&__tn__=%2AW-R,Defimedia,Li fou sa,1,fou
https://m.facebook.com/story.php?story_fbid=4134319749964350&id=108299339233098&anchor_composer=false&__tn__=%2AW-R,Defimedia,Amen,0,amen
https://m.facebook.com/story.php?story_fbid=4134319749964350&id=108299339233098&anchor_composer=false&__tn__=%2AW-R,Defimedia,Oliver Jennifer Lys üëç,0,oliver jennifer lys
https://m.facebook.com/groups/PRENDCOMPTELEPEP/permalink/1062500227589092/?anchor_composer=false&ref=content_filter,PRENDCOMPTELEPEP,E boss in arrive lr pu drmi ü§≠aret fatigue la tet,0,boss finn arrive lr pu drmi aret fatigue tet
https://m.facebook.com/groups/RadioPlusMauritiusIleMauriceFanGroupUnofficial000/permalink/1090309724778386/?anchor_composer=false&refid=18&_ft_=qid.6941467511697455894%3Amf_story_key.1090309724778386%3Atop_level_post_id.1090309724778386%3Atl_objid.1090309724778386%3Acontent_owner_id_new.100053352694039%3Apage_id.867119693764058%3Atext_formatting.1271157196337260%3Asrc.22%3Astory_location.6%3Afilter.GroupStoriesByActivityEntQuery%3Atds_flgs.3%3Aott.AX9DH_pC5x6BzxiU&__tn__=%2AW-R,RadioPlusMauritiusIleMauriceFanGroupUnofficial,Remercie li to tou seul piago,1,remercie to tou seul piago
https://m.facebook.com/story.php?story_fbid=4134319749964350&id=108299339233098&anchor_composer=false&__tn__=%2AW-R,Defimedia,Tou les jour ena 3 ka,0,tou les jour ena 3 ka
https://m.facebook.com/groups/PRENDCOMPTELEPEP/permalink/1042890612883387/?anchor_composer=false&ref=content_filter&__xts__%5B0%5D=12.AbpK7uDBDXHYXGk8gHVj2F-j4sSza7WPibGCiOR6kmKtt_ul3GAI42gr_OENXZiwzfotaNiZ8gb9OVPFI5fAZXNhrlraRW750-Ql7BVtSkmsfR8rX3wpRV9VB1bnnq01iJN2djvckC3uMQ74t510C_9G9WiTZx0h6jHCIf3q6zfVmBIxd20eoFpkaT2vjyMhS7uTo3wZyVlhFc8z-kZvgOS9iA8DqanUFcaOE1Hn6DVK9iH0qk_gsIYiR85X9W6Bl_cSept-1QPM1zLJAcRNOLN8HBp2JshNn-QrVF7l1Da9LQZb5UVFHdf65bFc9c5f1hEvjkjp421KNcQaHI4p4dCGKPm-Ju2Z3gMWg_oC7vXJQZguPpudxPbHi-aCsLrvtQg,PRENDCOMPTELEPEP,Ou p√© koz zaffaire coffre-fort ou lot zaffaire?,0,p√© koz zaffaire coffre fort lot zaffaire
https://m.facebook.com/groups/PRENDCOMPTELEPEP/permalink/1042890612883387/?anchor_composer=false&ref=content_filter&__xts__%5B0%5D=12.AbpK7uDBDXHYXGk8gHVj2F-j4sSza7WPibGCiOR6kmKtt_ul3GAI42gr_OENXZiwzfotaNiZ8gb9OVPFI5fAZXNhrlraRW750-Ql7BVtSkmsfR8rX3wpRV9VB1bnnq01iJN2djvckC3uMQ74t510C_9G9WiTZx0h6jHCIf3q6zfVmBIxd20eoFpkaT2vjyMhS7uTo3wZyVlhFc8z-kZvgOS9iA8DqanUFcaOE1Hn6DVK9iH0qk_gsIYiR85X9W6Bl_cSept-1QPM1zLJAcRNOLN8HBp2JshNn-QrVF7l1Da9LQZb5UVFHdf65bFc9c5f1hEvjkjp421KNcQaHI4p4dCGKPm-Ju2Z3gMWg_oC7vXJQZguPpudxPbHi-aCsLrvtQg,PRENDCOMPTELEPEP,"Abdul Samad Lalloo Concrete !
Fat yen.......",1,abdul samad lalloo concrete fat yen
https://m.facebook.com/story.php?story_fbid=4134408573288801&id=108299339233098&anchor_composer=false&__tn__=%2AW-R,Defimedia,Eleehar Devanand intelligent comme un livre ferm√©,0,eleehar devanand intelligent comme livre ferm√©
https://m.facebook.com/story.php?story_fbid=4134408573288801&id=108299339233098&anchor_composer=false&__tn__=%2AW-R,Defimedia,Christian Ponien zordi jour couma fini vine medecin zotte pense pou range letage lor la case,0,christian ponien zordi jour kuma fini vinn medecin pense range letage lor case
https://m.facebook.com/story.php?story_fbid=10159336076559540&id=100761789539&anchor_composer=false&__tn__=%2AW-R,Lexpress,Met en pause r sa al trouve coupable 105 million ki sanala,0,met pause ar al trouve coupable 105 million ki sanala
https://m.facebook.com/story.php?story_fbid=4134741799922145&id=108299339233098&anchor_composer=false&__tn__=%2AW-R,Defimedia,Yaasir Bhatoo so true,0,yaasir bhatoo true
https://m.facebook.com/story.php?story_fbid=4134319749964350&id=108299339233098&anchor_composer=false&__tn__=%2AW-R,Defimedia,Tipol oui exactement,0,tipol oui exactement
https://m.facebook.com/groups/PRENDCOMPTELEPEP/permalink/1066958287143286/?anchor_composer=false&refid=18&_ft_=qid.6941503482104563363%3Amf_story_key.1066958287143286%3Atop_level_post_id.1066958287143286%3Atl_objid.1066958287143286%3Acontent_owner_id_new.100027855523395%3Aoriginal_content_id.2714149318805797%3Aoriginal_content_owner_id.100010765571066%3Apage_id.850723902100060%3Asrc.22%3Astory_location.6%3Aattached_story_attachment_style.photo%3Afilter.GroupStoriesByActivityEntQuery%3Atds_flgs.3%3Aott.AX86-5KAiQkhH5MX&__tn__=%2AW-R,PRENDCOMPTELEPEP,Oumah Seewooth,0,oumah seewooth
https://m.facebook.com/story.php?story_fbid=10159327255709540&id=100761789539&anchor_composer=false&__tn__=%2AW-R,Lexpress,Zot kroir moris pou zot...lorla zot arogant,0,kroir moris lorla arogant
https://m.facebook.com/groups/RadioPlusMauritiusIleMauriceFanGroupUnofficial000/permalink/1092807001195325/?anchor_composer=false&refid=18&_ft_=qid.6940953970983958712%3Amf_story_key.1092807001195325%3Atop_level_post_id.1092807001195325%3Atl_objid.1092807001195325%3Acontent_owner_id_new.100053352694039%3Apage_id.867119693764058%3Atext_formatting.1271157196337260%3Asrc.22%3Astory_location.6%3Afilter.GroupStoriesByActivityEntQuery%3Atds_flgs.3%3Aott.AX8L9cfkmWd6ejcj&__tn__=*W-R,RadioPlusMauritiusIleMauriceFanGroupUnofficial,to bizin met govt kk lichien pm kk fess ek toi trou liki pi net,1,to bizin met govt kaka lichien premier ministre kaka fesse twa trou liki pi net
https://m.facebook.com/story.php?story_fbid=10159335762834540&id=100761789539&anchor_composer=false&__tn__=%2AW-R,Lexpress,Promess pou durer encore 30 ans la bas ...,0,promess durer encore 30 ans bas
https://m.facebook.com/story.php?story_fbid=4134741799922145&id=108299339233098&anchor_composer=false&__tn__=%2AW-R,Defimedia,"Kan marsan legum perdi
Soleil for zot rod compensation
Lapli com.....
Lasestresss com....
Kan karem pri monter
Aster cofinment com....
.",0,kan marsan legum perdi soleil for rod compensation lapli com lasestresss com kan karem pri monter aster cofinment com
https://m.facebook.com/story.php?story_fbid=4134741799922145&id=108299339233098&anchor_composer=false&__tn__=%2AW-R,Defimedia,Al get misie skc surat,0,al get misie skc surat
https://m.facebook.com/groups/RadioPlusMauritiusIleMauriceFanGroupUnofficial000/permalink/1090628274746531/?anchor_composer=false&refid=18&_ft_=qid.6941468383557116233%3Amf_story_key.1090628274746531%3Atop_level_post_id.1090628274746531%3Atl_objid.1090628274746531%3Acontent_owner_id_new.100053352694039%3Apage_id.867119693764058%3Atext_formatting.518596398537417%3Asrc.22%3Astory_location.6%3Afilter.GroupStoriesByActivityEntQuery%3Atds_flgs.3%3Aott.AX_18I7ojUY3uWcc&__tn__=%2AW-R,RadioPlusMauritiusIleMauriceFanGroupUnofficial,Vive mo gogot dow pilon..dire to PM la malice si li pu bizin releve la..lerla li mem li pu dire vive mo gogot,1,vive gogot dow pilon dire to premier ministre malice pu bizin releve lerla mem pu dire vive gogot
https://m.facebook.com/story.php?story_fbid=4134319749964350&id=108299339233098&anchor_composer=false&__tn__=%2AW-R,Defimedia,Ouff fatigue r sa ..dimoune respect lock down svp,0,ouff fatigue ar dimoune respect lock down svp
https://m.facebook.com/groups/RadioPlusMauritiusIleMauriceFanGroupUnofficial000/permalink/1090309724778386/?anchor_composer=false&refid=18&_ft_=qid.6941467511697455894%3Amf_story_key.1090309724778386%3Atop_level_post_id.1090309724778386%3Atl_objid.1090309724778386%3Acontent_owner_id_new.100053352694039%3Apage_id.867119693764058%3Atext_formatting.1271157196337260%3Asrc.22%3Astory_location.6%3Afilter.GroupStoriesByActivityEntQuery%3Atds_flgs.3%3Aott.AX9DH_pC5x6BzxiU&__tn__=%2AW-R,RadioPlusMauritiusIleMauriceFanGroupUnofficial,Yes indeed.,0,yes indeed
https://m.facebook.com/story.php?story_fbid=4134408573288801&id=108299339233098&anchor_composer=false&__tn__=%2AW-R,Defimedia,Kiran Hanzary to kne tw,0,kiran hanzary to kne tw
https://m.facebook.com/story.php?story_fbid=4134741799922145&id=108299339233098&anchor_composer=false&__tn__=%2AW-R,Defimedia,Zot ti pe ti lavie aster zot pe envi prend lavie la,0,lavie aster envi prend lavie
https://m.facebook.com/story.php?story_fbid=10159335762834540&id=100761789539&anchor_composer=false&__tn__=%2AW-R,Lexpress,Belineda Von-mally oui ek delo oussi choisir enfin mo ser pa deranz,0,belineda von mally oui delo oussi choisir enfin ser deranz
https://m.facebook.com/groups/PRENDCOMPTELEPEP/permalink/1062500227589092/?anchor_composer=false&ref=content_filter,PRENDCOMPTELEPEP,"Li pou reponne par ""Dire moi kot mone fot√©? """,0,reponne par dire mwa kot mone fot√©
https://m.facebook.com/groups/PRENDCOMPTELEPEP/permalink/1062500227589092/?anchor_composer=false&ref=content_filter,PRENDCOMPTELEPEP,Ale demande pravin li pu dir twüòÇ,0,ale demande pravin pu dir tw
https://m.facebook.com/story.php?story_fbid=4134741799922145&id=108299339233098&anchor_composer=false&__tn__=%2AW-R,Defimedia,Appadu chk prix. E ena mnchnt p fr lavnte 100milles prt jr,0,appadu chk pri ena mnchnt lavnte 100milles prt jr
https://m.facebook.com/story.php?story_fbid=4134319749964350&id=108299339233098&anchor_composer=false&__tn__=%2AW-R,Defimedia,Coumadir du sucre p monter,0,coumadir du sucre monter
https://m.facebook.com/story.php?story_fbid=4134319749964350&id=108299339233098&anchor_composer=false&__tn__=%2AW-R,Defimedia,"Sheik Hussein
Malheureusement c'est pas demain la veille qu'on va r√©soudre le probl√®me",0,sheik hussein malheureusement c est demain veille qu on va r√©soudre probl√®me
https://m.facebook.com/groups/RadioPlusMauritiusIleMauriceFanGroupUnofficial000/permalink/1090309724778386/?anchor_composer=false&refid=18&_ft_=qid.6941467511697455894%3Amf_story_key.1090309724778386%3Atop_level_post_id.1090309724778386%3Atl_objid.1090309724778386%3Acontent_owner_id_new.100053352694039%3Apage_id.867119693764058%3Atext_formatting.1271157196337260%3Asrc.22%3Astory_location.6%3Afilter.GroupStoriesByActivityEntQuery%3Atds_flgs.3%3Aott.AX9DH_pC5x6BzxiU&__tn__=%2AW-R,RadioPlusMauritiusIleMauriceFanGroupUnofficial,Pilon la ouais ...ene zurner li roule lagrain asoir ki li prend d√©cision to trou duc la,1,pilon ouais zurner roule lagrain asoir ki prend d√©cision to trou duc
https://m.facebook.com/story.php?story_fbid=4134319749964350&id=108299339233098&anchor_composer=false&__tn__=%2AW-R,Defimedia,Sa award la mo penser l'inde ine fini pren... Nu guet en coup ki bane les autres award nu kav claimüòéüòéüòé,0,award penser liki inde ine fini pren nou guet coup ki bane les autres award nou kav claim
https://m.facebook.com/story.php?story_fbid=4134408573288801&id=108299339233098&anchor_composer=false&__tn__=%2AW-R,Defimedia,Vellen Appavoo V li mem ki en charge Cardiac Centre Dan lopital Civil fek gagne promotion sa,0,vellen appavoo v mem ki charge cardiac centre lopital civil fek gagne promotion
https://m.facebook.com/story.php?story_fbid=4134408573288801&id=108299339233098&anchor_composer=false&__tn__=%2AW-R,Defimedia,"Zot pas conne vaccine vraiment zotte ape

Zot pas conne vaccin vraiment zotte ape decouioner",0,conne vaccine vraiment ape conne vasin vraiment ape decouioner
https://m.facebook.com/story.php?story_fbid=10159335762834540&id=100761789539&anchor_composer=false&__tn__=%2AW-R,Lexpress,Fran Coise toujour to p la,0,fran coise toujour to
https://m.facebook.com/story.php?story_fbid=4134319749964350&id=108299339233098&anchor_composer=false&__tn__=%2AW-R,Defimedia,Kishan Daworaz whisky coca travail fer ü§£,0,kishan daworaz whisky coca travail
https://m.facebook.com/story.php?story_fbid=4134741799922145&id=108299339233098&anchor_composer=false&__tn__=%2AW-R,Defimedia,Devina Balkeea,0,devina balkeea
https://m.facebook.com/groups/RadioPlusMauritiusIleMauriceFanGroupUnofficial000/permalink/1092061424603216/?anchor_composer=false&refid=18&_ft_=qid.6940953756254385806%3Amf_story_key.1092061424603216%3Atop_level_post_id.1092061424603216%3Atl_objid.1092061424603216%3Acontent_owner_id_new.100042962865803%3Aoriginal_content_id.10164808555715277%3Aoriginal_content_owner_id.722985276%3Apage_id.867119693764058%3Asrc.22%3Astory_location.6%3Afilter.GroupStoriesByActivityEntQuery%3Atds_flgs.3%3Aott.AX_kPOK0uDjqvue9&__tn__=%2AW-R,RadioPlusMauritiusIleMauriceFanGroupUnofficial,faire to mama aller,1,to mama aller
https://m.facebook.com/story.php?story_fbid=4134741799922145&id=108299339233098&anchor_composer=false&__tn__=%2AW-R,Defimedia,"Beatrice Bijoux Bellepeau bien dit. Jamais ine manque l√©gumes dans Morice. Zot avec supermarch√© ine plis fer profit en temps de Covid et apr√®s et zot ena toupet demande l‚Äôaide. Si pas p travail , ce dont je doute √† voir tout les marchands partout, servi ou reserve . Ena vraiment pena!",0,beatrice bijoux bellepeau byin dit jamais ine manque l√©gumes morice avek supermarch√© ine plis profit temps covid-19 apr√®s ena toupet demande liki aide travail ce dont je doute √† voir tou les marchands partout servi reserve ena vraiment pena
https://m.facebook.com/groups/RadioPlusMauritiusIleMauriceFanGroupUnofficial000/permalink/1091978571278168/?anchor_composer=false&refid=18&_ft_=qid.6941468065731622330%3Amf_story_key.1091978571278168%3Atop_level_post_id.1091978571278168%3Atl_objid.1091978571278168%3Acontent_owner_id_new.100060360696812%3Apage_id.867119693764058%3Atext_formatting.146487026137131%3Asrc.22%3Astory_location.6%3Afilter.GroupStoriesByActivityEntQuery%3Atds_flgs.3%3Aott.AX_m_xffl5PgHlBr&__tn__=%2AW-R,RadioPlusMauritiusIleMauriceFanGroupUnofficial,Sal con...,1,sal con
https://m.facebook.com/story.php?story_fbid=4134319749964350&id=108299339233098&anchor_composer=false&__tn__=%2AW-R,Defimedia,"Sideven Subban Mari sa.. Ena pas met masque tou.. Enfin, bcp pas responsable..",0,sideven subban mari ena met masque tou enfin bcp responsable
https://m.facebook.com/groups/RadioPlusMauritiusIleMauriceFanGroupUnofficial000/permalink/1090309724778386/?anchor_composer=false&refid=18&_ft_=qid.6941467511697455894%3Amf_story_key.1090309724778386%3Atop_level_post_id.1090309724778386%3Atl_objid.1090309724778386%3Acontent_owner_id_new.100053352694039%3Apage_id.867119693764058%3Atext_formatting.1271157196337260%3Asrc.22%3Astory_location.6%3Afilter.GroupStoriesByActivityEntQuery%3Atds_flgs.3%3Aott.AX9DH_pC5x6BzxiU&__tn__=%2AW-R,RadioPlusMauritiusIleMauriceFanGroupUnofficial,Blinding lights the weeknd the City cold and empty no one around to judge me,0,blinding lights the weeknd the city cold and empty no one around to judge me
https://m.facebook.com/story.php?story_fbid=4134741799922145&id=108299339233098&anchor_composer=false&__tn__=%2AW-R,Defimedia,Appavoo Ovillen ou kne ou papi,0,appavoo ovillen kne papi
https://m.facebook.com/story.php?story_fbid=4134741799922145&id=108299339233098&anchor_composer=false&__tn__=%2AW-R,Defimedia,Kes Kyete,0,kes kyete
https://m.facebook.com/story.php?story_fbid=4134741799922145&id=108299339233098&anchor_composer=false&__tn__=%2AW-R,Defimedia,Kes Kyete,0,kes kyete
https://m.facebook.com/groups/RadioPlusMauritiusIleMauriceFanGroupUnofficial000/permalink/1091611841314841/?anchor_composer=false,RadioPlusMauritiusIleMauriceFanGroupUnofficial,"Tir kok la dan t la bous pa puena sa encor
Tou cki p passer t oze dr sa t p rod rol tw c pa possible frere non m pa les croir

Nn tne trouv mm ki tne ecrir la ou tne fimm simik je demande c tou

Rex Margoton pa moricien sa ton",1,tir kok to bous puena encor tou cki passer to oze dr to rod rol tw c possible frere non m les croir nn tne trouv mm ki tne ecrir tne fimm simik je demande c tou rex margoton moricien ton
https://m.facebook.com/groups/RadioPlusMauritiusIleMauriceFanGroupUnofficial000/permalink/1091611841314841/?anchor_composer=false,RadioPlusMauritiusIleMauriceFanGroupUnofficial,Ta Gopia to pa cone ki to dir twa to ti pe reve ou li pe b to la family,1,ta gopia to cone ki to dir twa to reve to family
https://m.facebook.com/groups/RadioPlusMauritiusIleMauriceFanGroupUnofficial000/permalink/1091611841314841/?anchor_composer=false,RadioPlusMauritiusIleMauriceFanGroupUnofficial,"etaa ggt ecout sa,,,,,",1,etaa gogot ecout
https://m.facebook.com/groups/RadioPlusMauritiusIleMauriceFanGroupUnofficial000/permalink/1091611841314841/?anchor_composer=false,RadioPlusMauritiusIleMauriceFanGroupUnofficial,Bousse imp√© do .to pas.p gagne traka dimoune ki p contamin√© ek virus prier au lieu to p vine flatte to pm ale fer to teste tansion to fine attrap virus la,1,bouss imp√© do to gagne traka dimoune ki contamin√© virus prier au lieu to vinn flatte to premier ministre ale to teste tansion to finn attrap virus
https://m.facebook.com/groups/RadioPlusMauritiusIleMauriceFanGroupUnofficial000/permalink/1091611841314841/?anchor_composer=false,RadioPlusMauritiusIleMauriceFanGroupUnofficial,Fr li bour twa,1,bour twa
https://m.facebook.com/groups/RadioPlusMauritiusIleMauriceFanGroupUnofficial000/permalink/1092807001195325/?anchor_composer=false&refid=18&_ft_=qid.6940953970983958712%3Amf_story_key.1092807001195325%3Atop_level_post_id.1092807001195325%3Atl_objid.1092807001195325%3Acontent_owner_id_new.100053352694039%3Apage_id.867119693764058%3Atext_formatting.1271157196337260%3Asrc.22%3Astory_location.6%3Afilter.GroupStoriesByActivityEntQuery%3Atds_flgs.3%3Aott.AX8L9cfkmWd6ejcj&__tn__=*W-R,RadioPlusMauritiusIleMauriceFanGroupUnofficial,Bouss liki doh gopia pa vine rod rol la,1,bouss liki doh gopia vinn rod rol
https://m.facebook.com/groups/RadioPlusMauritiusIleMauriceFanGroupUnofficial000/permalink/1092807001195325/?anchor_composer=false&refid=18&_ft_=qid.6940953970983958712%3Amf_story_key.1092807001195325%3Atop_level_post_id.1092807001195325%3Atl_objid.1092807001195325%3Acontent_owner_id_new.100053352694039%3Apage_id.867119693764058%3Atext_formatting.1271157196337260%3Asrc.22%3Astory_location.6%3Afilter.GroupStoriesByActivityEntQuery%3Atds_flgs.3%3Aott.AX8L9cfkmWd6ejcj&__tn__=*W-R,RadioPlusMauritiusIleMauriceFanGroupUnofficial,Hey bousou,1,hey liki
https://m.facebook.com/groups/RadioPlusMauritiusIleMauriceFanGroupUnofficial000/permalink/1092807001195325/?anchor_composer=false&refid=18&_ft_=qid.6940953970983958712%3Amf_story_key.1092807001195325%3Atop_level_post_id.1092807001195325%3Atl_objid.1092807001195325%3Acontent_owner_id_new.100053352694039%3Apage_id.867119693764058%3Atext_formatting.1271157196337260%3Asrc.22%3Astory_location.6%3Afilter.GroupStoriesByActivityEntQuery%3Atds_flgs.3%3Aott.AX8L9cfkmWd6ejcj&__tn__=*W-R,RadioPlusMauritiusIleMauriceFanGroupUnofficial,mo croir li pa cone boussou !!!!!,1,croir cone liki
https://m.facebook.com/groups/RadioPlusMauritiusIleMauriceFanGroupUnofficial000/permalink/1092807001195325/?anchor_composer=false&refid=18&_ft_=qid.6940953970983958712%3Amf_story_key.1092807001195325%3Atop_level_post_id.1092807001195325%3Atl_objid.1092807001195325%3Acontent_owner_id_new.100053352694039%3Apage_id.867119693764058%3Atext_formatting.1271157196337260%3Asrc.22%3Astory_location.6%3Afilter.GroupStoriesByActivityEntQuery%3Atds_flgs.3%3Aott.AX8L9cfkmWd6ejcj&__tn__=*W-R,RadioPlusMauritiusIleMauriceFanGroupUnofficial,To n kk kiwi mm tw boufon kk kiwi,1,to kaka kiwi mm tw boufon kaka kiwi
https://m.facebook.com/groups/RadioPlusMauritiusIleMauriceFanGroupUnofficial000/permalink/1092807001195325/?anchor_composer=false&refid=18&_ft_=qid.6940953970983958712%3Amf_story_key.1092807001195325%3Atop_level_post_id.1092807001195325%3Atl_objid.1092807001195325%3Acontent_owner_id_new.100053352694039%3Apage_id.867119693764058%3Atext_formatting.1271157196337260%3Asrc.22%3Astory_location.6%3Afilter.GroupStoriesByActivityEntQuery%3Atds_flgs.3%3Aott.AX8L9cfkmWd6ejcj&__tn__=*W-R,RadioPlusMauritiusIleMauriceFanGroupUnofficial,Kifer tone met 1 nom nation. Met to nom 22 chatwa.. üôÑüôÑüôÑ,1,kifer tone met nom nation met to nom 22 chatwa
https://m.facebook.com/groups/RadioPlusMauritiusIleMauriceFanGroupUnofficial000/permalink/1092807001195325/?anchor_composer=false&refid=18&_ft_=qid.6940953970983958712%3Amf_story_key.1092807001195325%3Atop_level_post_id.1092807001195325%3Atl_objid.1092807001195325%3Acontent_owner_id_new.100053352694039%3Apage_id.867119693764058%3Atext_formatting.1271157196337260%3Asrc.22%3Astory_location.6%3Afilter.GroupStoriesByActivityEntQuery%3Atds_flgs.3%3Aott.AX8L9cfkmWd6ejcj&__tn__=*W-R,RadioPlusMauritiusIleMauriceFanGroupUnofficial,To p remecie pinokio li p ouvert to tru fess,1,to remecie pinokio ouvert to tru fesse
https://m.facebook.com/groups/RadioPlusMauritiusIleMauriceFanGroupUnofficial000/permalink/1091978571278168/?anchor_composer=false&refid=18&_ft_=qid.6941468065731622330%3Amf_story_key.1091978571278168%3Atop_level_post_id.1091978571278168%3Atl_objid.1091978571278168%3Acontent_owner_id_new.100060360696812%3Apage_id.867119693764058%3Atext_formatting.146487026137131%3Asrc.22%3Astory_location.6%3Afilter.GroupStoriesByActivityEntQuery%3Atds_flgs.3%3Aott.AX_m_xffl5PgHlBr&__tn__=%2AW-R,RadioPlusMauritiusIleMauriceFanGroupUnofficial,Enn pln roder rol toi ggt.. Rass li ec to ledent to infiz√© to boir to kpav ggn inp√© l'esprit,1,pilon roder rol twa gogot rass ec to ledent to infiz√© to boir to kpav ggn inp√© liki esprit
https://m.facebook.com/groups/RadioPlusMauritiusIleMauriceFanGroupUnofficial000/permalink/1091978571278168/?anchor_composer=false&refid=18&_ft_=qid.6941468065731622330%3Amf_story_key.1091978571278168%3Atop_level_post_id.1091978571278168%3Atl_objid.1091978571278168%3Acontent_owner_id_new.100060360696812%3Apage_id.867119693764058%3Atext_formatting.146487026137131%3Asrc.22%3Astory_location.6%3Afilter.GroupStoriesByActivityEntQuery%3Atds_flgs.3%3Aott.AX_m_xffl5PgHlBr&__tn__=%2AW-R,RadioPlusMauritiusIleMauriceFanGroupUnofficial,Net la grain la entre to deux tt,1,net graine entre to deux tt
https://m.facebook.com/groups/RadioPlusMauritiusIleMauriceFanGroupUnofficial000/permalink/1091978571278168/?anchor_composer=false&refid=18&_ft_=qid.6941468065731622330%3Amf_story_key.1091978571278168%3Atop_level_post_id.1091978571278168%3Atl_objid.1091978571278168%3Acontent_owner_id_new.100060360696812%3Apage_id.867119693764058%3Atext_formatting.146487026137131%3Asrc.22%3Astory_location.6%3Afilter.GroupStoriesByActivityEntQuery%3Atds_flgs.3%3Aott.AX_m_xffl5PgHlBr&__tn__=%2AW-R,RadioPlusMauritiusIleMauriceFanGroupUnofficial,sous lagrain pilon,1,sous lagrain pilon
https://m.facebook.com/groups/RadioPlusMauritiusIleMauriceFanGroupUnofficial000/permalink/1091978571278168/?anchor_composer=false&refid=18&_ft_=qid.6941468065731622330%3Amf_story_key.1091978571278168%3Atop_level_post_id.1091978571278168%3Atl_objid.1091978571278168%3Acontent_owner_id_new.100060360696812%3Apage_id.867119693764058%3Atext_formatting.146487026137131%3Asrc.22%3Astory_location.6%3Afilter.GroupStoriesByActivityEntQuery%3Atds_flgs.3%3Aott.AX_m_xffl5PgHlBr&__tn__=%2AW-R,RadioPlusMauritiusIleMauriceFanGroupUnofficial,Fer 3-4 zom bour toi devan sa pilon la,1,3 4 zom bour twa devan pilon
https://m.facebook.com/groups/RadioPlusMauritiusIleMauriceFanGroupUnofficial000/permalink/1091611841314841/?anchor_composer=false,RadioPlusMauritiusIleMauriceFanGroupUnofficial,KAN TO PA POU ENA MANGER SO KAKA SI TO PA POU EZITER POU TO MANGER MOVER BOUFFON ü§£ü§£üî•üî•,1,kan to ena manger kaka to eziter to manger mover bouffon
https://m.facebook.com/groups/RadioPlusMauritiusIleMauriceFanGroupUnofficial000/permalink/1091611841314841/?anchor_composer=false,RadioPlusMauritiusIleMauriceFanGroupUnofficial,Ey peelon plak fess trankil doh baboolal aret manz fess r pra20 peelon lamm so fess papu li la ki pra20 pra20 flmm,1,ey pilon plak fesse trankil doh baboolal aret manz fesse ar pra20 pilon lamm fesse papu ki pra20 pra20 flmm
https://m.facebook.com/groups/RadioPlusMauritiusIleMauriceFanGroupUnofficial000/permalink/1091611841314841/?anchor_composer=false,RadioPlusMauritiusIleMauriceFanGroupUnofficial,Mange so kk ta....,1,mange kaka ta
https://m.facebook.com/groups/RadioPlusMauritiusIleMauriceFanGroupUnofficial000/permalink/1091611841314841/?anchor_composer=false,RadioPlusMauritiusIleMauriceFanGroupUnofficial,Ena p fimm kk li chien,1,ena fimm kaka chien
https://m.facebook.com/groups/RadioPlusMauritiusIleMauriceFanGroupUnofficial000/permalink/1091611841314841/?anchor_composer=false,RadioPlusMauritiusIleMauriceFanGroupUnofficial,To conne bousouü§£,1,to conne liki
https://m.facebook.com/groups/RadioPlusMauritiusIleMauriceFanGroupUnofficial000/permalink/1091611841314841/?anchor_composer=false,RadioPlusMauritiusIleMauriceFanGroupUnofficial,Eta bouss inp√© toü§¨ü§¨ü§¨ü§¨ ta,1,eta bouss inp√© to ta
https://m.facebook.com/groups/RadioPlusMauritiusIleMauriceFanGroupUnofficial000/permalink/1091611841314841/?anchor_composer=false,RadioPlusMauritiusIleMauriceFanGroupUnofficial,kv tone gagne n koud fss ar li,1,kv tone gagne koud fesse ar
https://m.facebook.com/groups/RadioPlusMauritiusIleMauriceFanGroupUnofficial000/permalink/1091611841314841/?anchor_composer=false,RadioPlusMauritiusIleMauriceFanGroupUnofficial,Be don li fess alor,1,don fesse alor
https://m.facebook.com/groups/RadioPlusMauritiusIleMauriceFanGroupUnofficial000/permalink/1091611841314841/?anchor_composer=false,RadioPlusMauritiusIleMauriceFanGroupUnofficial,Mo croire li p fer kiken gagne bon kot toi mauv√® chatwa,1,croire kiken gagne bon kot twa mauv√® chatwa
https://m.facebook.com/groups/RadioPlusMauritiusIleMauriceFanGroupUnofficial000/permalink/1091611841314841/?anchor_composer=false,RadioPlusMauritiusIleMauriceFanGroupUnofficial,Mo ggt pli fort ki to pravind,1,gogot pli fort ki to pravind
https://m.facebook.com/groups/RadioPlusMauritiusIleMauriceFanGroupUnofficial000/permalink/1091611841314841/?anchor_composer=false,RadioPlusMauritiusIleMauriceFanGroupUnofficial,Fer li bour to fam ziska 2030 kkliki pilon Mal kc.,1,bour to fam ziska 2030 kaka pilon mal kc
